id,x,z
7,0.3590122413728014,0.21747897868044674
11,0.37795634079523854,0.6525989496149123
24,2.1816908827259276,0.9597312624100596
40,0.6638052621050881,0.5613207390997559
43,0.4436018217539883,0.14514251961372793
71,2.3948818362864275,0.6409533966798335
82,0.11714992925323242,0.6165428895037621
90,0.1075318785840208,0.22222568490542471
92,0.6110873200141574,0.03450087574310601
104,2.1174004909359523,0.46690276893787086
117,0.273577949673094,0.7615356422029436
145,1.6203391326545669,0.35536549147218466
149,1.6987670581471912,0.7851108114700764
160,0.6428158968331936,0.07168066059239209
167,0.9754377323989358,0.14853318501263857
185,0.3951061823648815,0.9439706185366958
199,0.1264902310855146,0.3430325996596366
201,-0.11797971497619386,0.4284155622590333
203,-1.1931902673550283,0.7690515331923962
211,-0.10493898827529935,0.22775338357314467
224,-0.9787085969615223,0.9059952246025205
258,0.730525346024729,0.8530645670834929
262,0.10170527164685861,0.13900807104073465
263,1.5628128381597,0.36095438920892775
266,-1.2415054587342933,0.42179636796936393
270,2.1605705913853908,0.10305927298031747
286,0.6742856190883055,0.4348937198519707
290,0.7299697014210277,0.05252924305386841
292,0.9603295582741269,0.12694826442748308
293,1.2950495643402207,0.8819525523576885
294,0.4946908277459776,0.7984378635883331
310,0.7085532334478921,0.646266957744956
324,1.2249622979381354,0.9894147324375808
327,0.7066596516989376,0.43937711883336306
356,1.3011975560978333,0.16149552329443395
373,-0.450448286033156,0.4715156147722155
376,0.010225494815278569,0.49264171486720443
383,1.882297576961768,0.9370898590423167
399,1.9834350322674346,0.1371614399831742
405,0.08500027880724748,0.4834405130241066
422,1.3155901109122694,0.3487755637615919
433,-0.26627738144684887,0.7489599131513387
447,0.5879452214717658,0.09914511279202998
476,0.37799855015363326,0.9465152502525598
477,2.350970959006755,0.3505539237521589
479,0.7479976135346427,0.4970804548356682
491,0.9520855997877843,0.6422290543559939
501,-0.9262314053817806,0.3710024713072926
523,1.3869501142757021,0.17060610838234425
531,1.5826972225429308,0.9921548606362194
534,-0.3370580884754293,0.3672762808855623
539,1.3274620297013073,0.2235975379589945
543,0.33362405435074216,0.6929527244064957
545,1.2969076104577972,0.7990990378893912
546,0.8026027148815529,0.8706866363063455
551,0.782331967838462,0.4245689839590341
561,0.17433889607683595,0.2272589758504182
586,0.2066819213038925,0.5983373429626226
593,1.620063835297248,0.8607260985299945
595,0.09246372720234186,0.5385763559024781
596,2.09565691314625,0.44407779397442937
604,1.0503094857135402,0.833785911090672
612,0.5683030582826014,0.7635970225092024
614,0.7503992068569818,0.055917503079399467
615,2.7243460284647165,0.42652965942397714
618,0.8606648994234205,0.23145126015879214
627,-1.8812180184611984,0.1421472665388137
631,1.055957202495574,0.28216451220214367
640,0.384455352337587,0.5435487378854305
644,-0.5180121764998402,0.03337183455005288
660,1.4223766905516608,0.21937952982261777
662,0.667322297216414,0.7336845353711396
666,1.0366465997913383,0.8236681597772986
680,0.7407578959184438,0.4377231942489743
686,-0.14735359161542183,0.8909787335433066
702,-0.33249731660449267,0.6676351784262806
704,1.0058828384632499,0.7187979046721011
705,1.9997794236210709,0.5243907049298286
715,0.8436708981775598,0.7200700188986957
723,1.2939718049357267,0.5584442934487015
726,1.5449216378660475,0.43783047096803784
733,1.289768422411112,0.14490460022352636
735,2.2347364289411806,0.36151820002123713
744,-0.06050662267308504,0.21745531633496284
759,0.7649889352952433,0.4536884685512632
791,1.5224056778058674,0.3859137059189379
802,-0.14591817260654394,0.0014240071177482605
803,1.5487368950238682,0.5644645274151117
804,2.8255192954459147,0.4388255197554827
807,1.4960577438330498,0.4512509563937783
811,0.3453517925108792,0.7105117856990546
813,1.7402462575664488,0.11227805051021278
820,0.12129510406437405,0.6068537039682269
821,-0.5659361623909855,0.013143265154212713
830,-0.8813207260356153,0.9135630642995238
845,0.9043002979017636,0.10073551745153964
846,0.9365579106657693,0.5229413511697203
879,0.9786578756028655,0.4149401669856161
888,-0.1224682891969775,0.20971126831136644
911,0.7729789171604864,0.6431645201519132
915,1.8510022316296588,0.23396230884827673
921,0.4051750849509026,0.6979459698777646
925,1.0900146802823047,0.7426207785028964
930,1.7465457555110022,0.49199552508071065
933,0.09928432986215296,0.2580210594460368
935,1.5386845193776493,0.1146893254481256
941,0.6311808733750456,0.02086868043988943
945,0.8330466755023378,0.7521381694823503
949,0.4355963694103112,0.6724184884224087
951,1.1625780678545319,0.11841126391664147
992,-0.2230231472918045,0.40951013867743313
996,1.0003184616401468,0.6038648344110698
999,1.8476963975331024,0.6811105986125767
1011,2.24064328839357,0.029079345986247063
1024,2.1186842603067237,0.11384275485761464
1027,1.8855373018754076,0.9331279776524752
1056,1.7215587802437304,0.2770953048020601
1075,0.8299615483556417,0.16078103613108397
1079,0.7491278135652892,0.9746962699573487
1100,-0.34842104565966325,0.8446064523886889
1109,0.5241422839846521,0.5275213089771569
1119,0.38961533662585546,0.2844283359590918
1126,0.24034085922282233,0.45374452392570674
1130,0.16909587878380872,0.6173565238714218
1133,1.618052500116999,0.7745111959520727
1150,2.4532154851055665,0.24969583307392895
1153,0.03263675223979201,0.29933977290056646
1158,0.6523008827916754,0.20294677396304905
1165,0.09241937711241377,0.037313621724024415
1186,-0.1214175239987465,0.9158592559397221
1201,0.1873056001080603,0.44415487186051905
1216,2.0965874494964947,0.8649341065902263
1241,1.40905681415461,0.48168282420374453
1257,2.296463668035359,0.2950351608451456
1271,2.1532137059775884,0.4510195520706475
1284,3.4256617775152343,0.14269717526622117
1302,0.8907994190528774,0.35787276714108884
1312,0.38388098390784686,0.7708775501232594
1328,0.3237927153349742,0.6064669361803681
1332,0.4871218870341335,0.8738802513107657
1333,1.3115921670318296,0.7066114300396293
1352,1.2367728904713222,0.5915907297749072
1395,0.41013166810252044,0.05730808130465448
1400,-0.2834114909169223,0.23517277278006077
1420,2.812250458711745,0.8610621048137546
1432,2.605041952661399,0.36295943544246256
1435,1.7569047170560794,0.3945639110170305
1437,1.1793463763949976,0.5685850668232888
1448,-0.7963983243737449,0.6493093080352992
1457,0.3081735403214242,0.6967283461708575
1467,0.48325489796078824,0.4235640673432499
1485,0.2071890567284851,0.8746050428599119
1494,3.029400347374677,0.03748386539518833
1495,0.6231968184109461,0.8331042784266174
1498,0.9041713968769636,8.380357176065445e-4
1509,0.5709992304415724,0.0991785041987896
1510,-0.7603386113467216,0.21340986364521086
1512,2.0702552092627924,0.864320014603436
1535,0.20602772667925273,0.42492277291603386
1557,2.0331537872765146,0.7629197821952403
1560,3.0893689380123797,0.2966225042473525
1561,-1.0562115548311528,0.09195082332007587
1566,1.2769498623864006,0.4256336234975606
1583,1.63654354732453,0.5826814023312181
1590,2.0510146077629243,0.935838534263894
1594,1.2641408484062153,0.5985323488712311
1595,0.41608885781975846,0.5107558232266456
1597,0.6564210434400398,0.7583949472755194
1609,1.6061567922332483,0.6141495404299349
1614,0.6340487930238952,0.21922411699779332
1629,0.4596253950526097,0.3520370852202177
1637,0.6354875492915582,0.6690572425723076
1638,1.7992599341671973,0.2160356710664928
1643,0.43387404664825524,0.09727877494879067
1651,0.2713966266858042,0.5695332332979888
1665,1.9108986487182578,0.7526449621655047
1669,1.1423339015143483,0.21981304115615785
1694,3.4214111242690595,0.24985916423611343
1697,0.45910702585452146,0.19452701974660158
1699,2.344526654844654,0.9774348493665457
1710,2.3413417375112333,0.5515686753205955
1737,0.18452299023350205,0.5078746213112026
1738,1.6353618621787394,0.37498365668579936
1741,0.9009242109257471,0.623226105235517
1744,0.9839895566027079,0.4516230244189501
1746,-0.49256561876333493,0.5512921211775392
1752,-0.5539108690769143,0.32455278607085347
1768,2.079543600929133,0.5420257030054927
1777,0.5487532613684523,0.7351064598187804
1779,-0.12017947246544392,0.03207325539551675
1784,1.858764083986791,0.022505039116367698
1787,3.6715276985778433,0.25982618145644665
1809,0.5750692679746776,0.5622343102004379
1813,0.5970403804330611,0.9756244726013392
1834,0.9554174794807337,0.4276380843948573
1842,1.76191519358969,0.6329085105098784
1873,3.1876322154035446,0.003573491470888257
1883,1.8773908254948837,0.6472805445082486
1893,0.39882280353240607,0.16590801905840635
1905,2.0063629458949404,0.5482247010804713
1909,1.6187690320801555,0.4634956018999219
1920,0.2709558997840914,0.8063615059945732
1923,0.6522979680412677,0.026516776531934738
1926,0.02112047182623067,0.33135591307654977
1949,1.8408443118231412,0.8415509751066566
1958,0.3344839491784274,0.20916609093546867
1961,0.9750174524434306,0.33013091306202114
1971,2.007735312507493,0.0632832134142518
1972,-0.5125448696466717,0.406763898441568
1974,3.365728202971379,0.04724628059193492
1984,1.0306309888475331,0.8044016472995281
1985,1.085827390100026,0.5810038370545954
1996,2.580451784018173,0.8456032469402999
2006,1.3603936282493914,0.4317234146874398
2021,0.7755793512367819,0.7743567461147904
2033,0.005887894671504079,0.29569280124269426
2041,1.6101513717544271,0.8080226376187056
2051,1.1369018736037422,0.2363466345705092
2052,-0.2854435257403085,0.13095817668363452
2056,-0.11384893046463995,0.379154980648309
2069,2.5154779410818495,0.08474824577569962
2073,0.09167086316434703,0.33327096281573176
2084,0.7943002993519832,0.7307150140404701
2092,1.2027769151839685,0.3893094181548804
2100,2.2198098227112286,0.9067942097317427
2102,1.750133395709736,0.4012333583086729
2105,0.8761948986706807,0.7968174479901791
2106,1.3353339840982086,0.9956458264496177
2109,-0.02884118427382565,0.5442292490042746
2110,0.17576556333236137,0.07624849211424589
2128,-0.17493855604977537,0.09402218763716519
2131,1.3426135113226227,0.6878123609349132
2135,1.811410922687653,0.05499961064197123
2144,1.4372523942592457,0.24873520992696285
2163,0.44554750858418657,0.1710067552048713
2168,0.017769019024132526,0.5119669761043042
2174,1.2055936938042178,0.248311240458861
2187,0.44082795828223253,0.11340707587078214
2201,-0.30433062496547714,0.36289537278935313
2212,1.015195954657457,0.20430920575745404
2219,-0.3854583738003281,0.7480138547252864
2220,1.0426357070389678,0.10450527840293944
2250,2.728563092726168,0.7981674047186971
2251,2.1373705705321524,0.3539831545203924
2253,0.01567736820210508,0.10540990042500198
2256,2.01722742031893,0.20055551920086145
2273,1.116060219372186,0.7466493295505643
2277,0.9350243725141046,0.2762176156975329
2291,1.9275923340114502,0.10555096995085478
2299,1.4653741485063185,0.5135912999976426
2314,1.4738750384050716,0.01210398506373167
2316,0.689347504469459,0.06022296589799225
2326,2.0619802381560906,0.14106346992775798
2332,1.1003854129988424,0.571849029045552
2340,0.8534880364536034,0.20478383894078434
2375,0.23096904342871372,0.3130886647850275
2377,2.6856581558433312,0.24331289110705256
2395,1.7268801030208998,0.8285569306463003
2396,1.9695984845468781,0.5931063801981509
2418,0.6902490071135099,0.3413849361240864
2421,1.571530866695054,0.9453240523580462
2422,0.31734789052666823,0.19268827000632882
2437,0.43312754348447646,0.9877492336090654
2446,1.1337210415190249,0.7528341000434011
2447,1.731624595374631,0.02773136063478887
2449,1.246697523867535,0.5711654266342521
2475,0.24882497975073725,0.42209200048819184
2499,0.9863531621670819,0.7556082522496581
2510,1.6123877322075568,0.370295311557129
2525,0.7503895563866452,0.8046894560102373
2526,1.009804352154653,0.045787567272782326
2535,2.8526321354759414,0.8529469706118107
2541,0.3633685069869348,0.8345558131113648
2547,2.269479093567959,0.9854834754951298
2550,0.7287963953730194,0.06971509847790003
2566,1.1396415937577826,0.05069896811619401
2571,1.828849197175867,0.6939661067444831
2574,1.8749822877612092,0.8116606876719743
2577,2.2216925671721093,0.35939286393113434
2579,1.1690536206457898,0.1243531673680991
2605,2.0657137090175266,0.4856773123610765
2607,1.8063273943488005,0.7626087262760848
2625,1.114256016028853,0.17191815096884966
2640,0.27413484031246493,0.11281081265769899
2649,1.2753928346446162,0.6832033167593181
2659,1.8917096749242965,0.5801668970379978
2672,0.9468872196127778,0.28513991879299283
2673,-0.1854919465194762,0.7907398347742856
2676,1.7695021782905567,0.9937276414129883
2679,1.0351989233093786,0.3996291363146156
2681,1.4635651023225864,0.10697013093158603
2684,1.0265290379651297,0.841440268792212
2697,1.1639417671394854,0.032879059202969074
2699,0.19037455946582615,0.007642016978934407
2712,1.8919764834735986,0.7426389984320849
2719,1.7716559462386317,0.9982049437239766
2720,3.410359747977099,0.4711079355329275
2734,2.3856906604068517,0.10346907353959978
2739,1.3580436203972417,0.1377598491962999
2740,0.8389481461582121,0.8512765022460371
2751,2.251724260842435,0.15126484725624323
2754,1.2700085769621232,0.31737304013222456
2760,0.5215561785144984,0.8004390578716993
2762,-0.4479984578477314,0.6225441505666822
2776,1.6985191185600952,0.47698629507794976
2784,1.8939973354979478,0.29924348345957696
2801,1.3422007941371414,0.6740176165476441
2809,-0.03424014699342037,0.8998957856092602
2814,0.48507388065748347,0.5171267273835838
2816,-0.2664786323862254,0.37796137062832713
2826,0.8240584137399096,0.7432100004516542
2892,1.2121570228550305,0.12059260136447847
2910,1.2892382199247476,0.24370544054545462
2915,-0.7720458337218057,0.27522422675974667
2919,-0.7678429262056587,0.9031896637752652
2936,0.21671309147373696,0.3536527587566525
2937,0.4677292827925761,0.1258393267635256
2943,1.3885708413309164,0.8527365264017135
2964,2.3954784432727325,0.6595216311980039
2966,0.4737120683671475,0.15405604522675276
2975,2.3423961496064476,0.5012605579104275
2979,0.8646022010902087,0.35253911139443517
2982,1.6186237236696637,0.8124681462068111
2994,1.5238356972123603,0.5128676702734083
3001,2.2889628935195026,0.3714987460989505
3002,0.47089246147748365,0.32884870981797576
3005,1.0336030555003246,0.9272276556584984
3007,-0.7990115382904075,0.966487989993766
3017,0.43611466593401893,0.9551903596147895
3022,-0.40603765514726553,0.5894089718349278
3028,1.700116992127629,0.5839177356101573
3033,-0.9278894869953573,0.9792800238355994
3037,0.36251514718159217,0.542914722347632
3088,1.078206498117042,0.8929623160511255
3089,-0.9474208507796134,0.7921283945906907
3103,1.421733193005817,0.10404804884456098
3106,1.7344126952138137,0.3887804315891117
3112,-0.12167423029546098,0.7863870703149587
3131,0.54400975604963,0.21835148544050753
3151,1.7521683771913108,0.18937320983968675
3153,0.7958726889155592,0.5919395277742296
3156,0.7919830304298279,0.2132592834532261
3162,0.582886441896936,0.36585712898522615
3186,1.3947712840356075,0.3326175769325346
3188,2.427065466160148,0.06227367511019111
3192,0.7445058115437013,0.7383005295414478
3199,0.35888165491802304,0.5153973738197237
3205,-0.6592098535759039,0.3272301957476884
3206,2.2821183731706007,0.5689688932616264
3208,0.7392633728935243,0.9709346978925169
3211,1.1172332771451823,0.7565131769515574
3215,1.285451885244707,0.2515965416096151
3219,1.0237312213787595,0.3808115979190916
3222,1.7943277429601214,0.15709097846411169
3257,2.264411963308651,0.4983010529540479
3270,0.3171139711272376,0.6988889104686677
3303,2.579467789996986,0.6415314828045666
3306,2.517862223200617,0.11106731020845473
3307,1.0484297325883327,0.6727269412949681
3311,1.4089341951575824,0.8772883017081767
3312,2.0431899654550234,0.9955374710261822
3314,1.6842752142507675,0.6113244965672493
3319,2.482100240608317,0.875939013203606
3337,0.6249838197593802,0.18592496612109244
3342,1.9107481527193992,0.5237310873344541
3362,0.49539625202200954,0.4149942141957581
3366,0.960438177073209,0.716097348369658
3367,0.6583169315778077,0.931748814182356
3375,1.1753228197403354,0.7342748334631324
3378,0.2173087038184649,0.14701000112108886
3394,2.001264610617234,0.7941621656063944
3419,0.542175291612053,0.5054162130691111
3420,1.315673219058184,0.07031567231751978
3430,0.7397702170245091,0.7757591847330332
3447,2.569531325181656,0.014806068502366543
3454,3.014297751416837,0.9995184945873916
3460,0.334819307374305,0.0853349519893527
3479,-0.23051544378127264,0.815563956508413
3484,1.6522149295457749,0.4092932811472565
3485,0.36445965466989005,0.5214542953763157
3487,0.2790870906631604,0.41873307386413217
3488,1.2523301624649659,0.09036560053937137
3490,0.7602485816245881,0.45821412466466427
3493,0.8397244797699733,0.6130170377437025
3501,-0.6362772991689076,0.7216759009752423
3515,-1.2384030279172817,0.06683415360748768
3519,-0.3910845713727227,0.574512000195682
3533,0.04091096216946366,0.644028457114473
3536,0.47739813495646266,0.6885674421209842
3540,0.1833400310449994,0.5266017999965698
3543,1.4109029304811647,0.40193919325247407
3545,1.4616318660547636,0.6413590882439166
3562,0.7472162255989812,0.7801950869616121
3570,1.1104876582712169,0.7025258506182581
3585,0.0019504251939365114,0.7976780463941395
3586,-0.29853793271611617,0.496007768670097
3587,2.355450005011348,0.6548450789414346
3601,0.9797869191687174,0.6900970349088311
3607,2.174165108972251,0.5606898593250662
3610,-0.060948780598794716,0.4066276114899665
3614,0.5553223072876594,0.5734441999811679
3642,-1.0189013693382565,0.6285665656905621
3647,1.4270110944937384,0.23709682538174093
3651,0.3965132412954112,0.2862435965798795
3656,1.220877847737564,0.3645055736415088
3660,-0.37911823491472263,0.2551597198471427
3661,0.18828691416336196,0.0698392663616687
3671,0.6652942970477954,0.4258281122893095
3673,1.7534775603060688,0.7629667113069445
3686,0.49252575706848145,0.6934020495973527
3693,0.25679640979915586,0.8830425257328898
3701,-1.1542328837927682,0.47445755964145064
3713,2.13621304503749,0.46363944723270833
3719,0.1446873239489357,0.49079260183498263
3722,1.862123602991767,0.1649403809569776
3733,0.007061521720167607,0.29452672856859863
3734,1.2410273853634497,0.2916949486825615
3752,0.5466892303884034,0.9904453733470291
3764,0.0075285397687482325,0.9283909320365638
3771,-0.49618057565049023,0.5601897803135216
3781,2.0034199709222396,0.7903768671676517
3789,2.2558601962387668,0.34169794130139053
3797,0.0891513506644881,0.4759327843785286
3804,3.2440438476455364,0.9241798107977957
3818,1.241344507904193,0.4584189250599593
3819,1.6824122277847202,0.6826766168233007
3853,1.3262116822783834,0.476977352052927
3854,0.8596514741901831,0.9884866664651781
3860,-0.0452174817567339,0.6330770682543516
3861,1.0361838069420812,0.6637859360780567
3868,0.49924051778563405,0.5692535322159529
3876,-1.590638802142716,0.4425928583368659
3879,0.33857891530822615,0.15383795136585832
3893,2.1103306954579466,0.9669503583572805
3901,0.8229768501818904,0.09656385309062898
3914,1.0891181319633148,0.13724228437058628
3918,1.1213520821187604,0.5227286140434444
3922,0.34399752033686926,0.6901071781758219
3929,0.3286947092050322,0.10370590328238904
3935,-0.9082201388036226,0.5745085331145674
3938,1.1267022971658593,0.7939937191549689
3946,-0.3246988110444311,0.1584422856103629
3952,0.9266411129445783,0.22983845393173397
3954,0.640209309712829,0.008245101431384683
3958,1.3938077728149247,0.865185406524688
3963,0.11152527517271282,0.030060107819736004
3965,0.7925780269712988,0.3600240561645478
3974,1.690662966602371,0.9448354367632419
3979,0.20860854249869332,0.4821958013344556
3988,1.2628231717147673,0.37295469641685486
4005,1.89723731527168,0.15992568829096854
4018,0.7746314033885416,0.17936877580359578
4022,1.0439636078679913,0.6981369548011571
4046,0.944588081753568,0.5671603539958596
4052,3.3045483693139523,0.5733494246378541
4068,1.582531132175697,0.13447826285846531
4081,-0.11495087745373778,0.1026234277524054
4083,0.9926009172687834,0.35341459419578314
4087,1.7688297024844695,0.8841033189091831
4103,0.5842689444314606,0.227719415910542
4112,0.3799747404150978,0.19610192184336483
4130,2.3803572357011458,0.08938585477881134
4158,1.275276738712709,0.8917818162590265
4171,0.1857209418139123,0.3893873714841902
4173,3.562670688684729,0.1768100936897099
4174,-0.22705849191036953,0.5840064226649702
4184,1.5480580956756858,0.21370509965345263
4199,0.5608264284003468,0.1046449663117528
4202,0.13505989495210835,0.05531211011111736
4221,1.3002668320927588,0.4144368120469153
4225,-0.16626995513256726,0.41611741203814745
4228,0.08357227248782007,0.7516897402238101
4230,0.7933930478778948,0.7601233685854822
4236,0.7716957728327973,0.2780579316895455
4279,1.7207302930588142,0.12711450713686645
4283,1.1785124099971354,0.6712852430064231
4284,2.1921447094006368,0.2162259805481881
4285,2.6285222084313276,0.34921603999100626
4286,2.782605201043869,0.6923282942734659
4290,-0.5268820279426703,0.7278576206881553
4295,0.3722302722545352,0.44260114314965904
4306,0.2922491745268475,0.3185135123785585
4312,0.4338520412735498,0.044352621072903275
4316,2.0125266268028237,0.04914826853200793
4335,1.1443133212336198,0.8803181976545602
4337,1.825474317802959,0.08596285618841648
4338,2.0756750809995195,0.5136971927713603
4342,0.21877046424843738,0.28317453619092703
4357,0.29900273832993074,0.9705844160635024
4364,0.8491215680820513,0.6063809732440859
4375,2.6966810879100165,0.45007040817290545
4385,1.6713994478441456,0.8173448429442942
4436,-0.24410507875172094,0.7821672682184726
4441,0.5498729387145403,0.40894960961304605
4446,-0.7691840232971405,0.6691209301352501
4448,-0.13313955305095382,0.4075419334694743
4456,2.123322623225329,0.9434489773120731
4458,0.23678298233137574,0.19994007446803153
4466,0.5934556722980591,0.25313645089045167
4486,0.9467461284625455,0.7005959472153336
4489,1.1987988437748183,0.5627214810810983
4503,0.36704193812927666,0.525989499874413
4505,1.85604176500649,0.36230172077193856
4506,0.8436792285970675,0.14695878699421883
4532,1.7508191917487905,0.5609355256892741
4535,0.05962081656750873,0.542064466048032
4539,2.4572130721706102,0.08159474702551961
4567,0.9189085617094087,0.9845209121704102
4571,2.8143130004795447,0.011953718261793256
4573,0.13088248118395762,0.2796925902366638
4585,1.529187761640951,0.7193343187682331
4604,0.013661315106996974,0.2978262430988252
4608,1.7203400980754457,0.9268040687311441
4609,0.7582885234573149,0.9481215260457247
4616,0.9214166689565363,0.5798388456460088
4637,-0.027171218508575956,0.8581634473521262
4648,0.8075969231288125,0.8348828502930701
4658,1.1784794620821963,0.21111008594743907
4673,-1.1648408058677449,0.9521250114776194
4677,0.9666265948134232,0.783602892421186
4680,1.1946498063119932,0.47941300622187555
4686,-1.3368090647357493,0.24507568636909127
4689,1.683132576451983,0.27552184043452144
4702,2.093603042903494,0.17981334496289492
4707,1.6183365896189588,0.32566857570782304
4711,1.5187545302478496,0.508106286637485
4718,0.5969306181231915,0.6868121295701712
4732,1.5033000180993439,0.5867762318812311
4738,2.716764770287386,0.11338990740478039
4739,0.6747177404269495,0.1758776679635048
4742,1.7219475531593793,0.4192723191808909
4747,2.030522962037293,0.666630994528532
4776,-0.4816513078775573,0.18113555246964097
4782,2.214460925484052,0.9606961631216109
4783,-1.1020865638944466,0.7335916429292411
4788,0.8035964835743975,0.4682874383870512
4791,0.5611574468235409,0.18992515304125845
4796,0.9474955852159106,0.7088567479513586
4801,1.0269633208048263,0.9170234207995236
4803,0.3595045495776209,0.3406597678549588
4813,0.3489853966002101,0.4805908447597176
4819,2.2899772940933927,0.7829311126843095
4848,-0.5399440850565038,0.9865381098352373
4861,0.5774361205774128,0.5718723938334733
4868,1.7552661922909176,0.6649422880727798
4872,1.8918397041085424,0.8987543331459165
4873,0.9462896694693063,0.9658016518224031
4877,0.19112340052765886,0.35685962927527726
4883,2.2431691302333343,0.4157091798260808
4903,1.2583457212680194,0.18531812774017453
4906,0.8322784459955074,0.8851582515053451
4929,0.4261846375334537,0.03512002108618617
4931,1.089864511897403,0.929269450251013
4937,0.8953075781461988,0.15536157554015517
4938,1.1549470245686182,0.2578028067946434
4942,1.318697198314351,0.387358405161649
4950,2.478392015520183,0.9411170384846628
4964,0.08866284795968382,0.9177334480918944
4965,-0.12132526955439982,0.659669540822506
4980,0.6362855389179731,0.4216522928327322
4982,0.6192635283006049,0.25364498677663505
4991,1.495778598730048,0.040896384976804256
4993,-0.5738990944710232,0.21375517873093486
4998,0.32225517040151563,0.11048921197652817
5001,0.5175808780228872,0.555007356684655
5004,0.6500281933277052,0.9354266717564315
5012,0.12589549766630237,0.006618074374273419
5018,1.6519714370573486,0.3802784497383982
5021,0.6783173832591953,0.11446010880172253
5024,0.34449132457060905,0.736174714518711
5065,0.4072480637990511,0.921485488070175
5068,1.5467233873874113,0.4573668863158673
5092,0.058867418034478924,0.033209500601515174
5094,1.6094165094727182,0.660654341802001
5112,-0.5180627933125472,0.41390619124285877
5122,1.822234913534912,0.8531920008827001
5125,0.5075299922505494,0.10226388811133802
5137,0.5280467532554656,0.9778028286527842
5153,1.833549507488259,0.7376003556419164
5162,1.4366823545011824,0.08396978816017509
5169,1.0104475751094537,0.39756547240540385
5176,-0.16632248132128247,0.5287138810381293
5180,0.7618829012056559,0.06644935440272093
5184,0.9366153829703442,0.6868867326993495
5186,1.0321604910065143,0.653717847308144
5191,1.5582072340632016,0.6250392647925764
5197,0.943708314651487,0.5173139730468392
5200,-0.4008113981345556,0.6467176838777959
5206,2.4256605162359293,0.8581104779150337
5215,3.289213851226514,0.6378746242262423
5264,0.4386424493053569,0.08377264835871756
5266,1.6634263891529895,0.8429304400924593
5271,1.5897433086658963,0.6820937895681709
5276,0.9212886549173083,0.4417290852870792
5286,-0.3636910292480231,0.9675092599354684
5317,1.6369330862916893,0.06715718051418662
5319,0.4589090817870993,0.9336398812010884
5335,0.2577946796391848,0.30263185454532504
5351,-0.27142866249618147,0.10481720604002476
5354,-0.6790841675821462,0.8745844175573438
5359,2.3781810661330605,0.07041817647404969
5365,0.010926906713021212,0.7816461448092014
5368,-1.3635278624528846,0.42776999389752746
5382,4.011352471348073,0.1082493809517473
5394,-0.3816255974937022,0.045780475717037916
5398,0.5149618140875751,0.6065112906508148
5410,-1.14965989955836,0.0990475220605731
5415,-0.12166716275492728,0.10698993736878037
5428,1.3532113321713646,0.9782855382654816
5450,0.42798116858155455,0.3133364859968424
5456,0.6993319800395753,0.1015310138463974
5458,-0.24399679577479993,0.5010695944074541
5460,0.8769920200390376,0.5896544514689595
5464,1.2292804816578373,0.24467940512113273
5465,0.4971104455794315,0.889641530578956
5470,1.35046645159676,0.7251356483902782
5475,2.8743197073253155,0.8762318016961217
5480,-0.19560446528239206,0.7227182078640908
5491,1.284568640157945,0.8482507134322077
5499,1.4286938946147087,0.5864768496248871
5507,2.105031677949172,0.6387005283031613
5510,1.159273189880734,0.9800575454719365
5511,1.0113960848466423,0.23032822459936142
5525,4.125912092832383,0.2670536676887423
5541,2.2699697787685023,0.37882241350598633
5549,0.6493991871737821,0.35983211966231465
5569,0.2806563056041852,0.8935463186353445
5570,-0.2991499993801936,0.4961607016157359
5599,-0.7925880404582488,0.11892664944753051
5601,0.9664722711181238,0.23132588062435389
5617,1.653161690463063,0.31212897365912795
5649,-0.47536607454693636,0.6143199242651463
5655,1.254601555236117,0.3344827692490071
5657,0.24070175552658302,0.6093229255639017
5672,1.5407450134418448,0.4504034505225718
5698,1.9757543488581457,0.29849535902030766
5700,0.7433696806172623,0.8760718216653913
5719,0.6758650751433679,0.05576912662945688
5723,0.3310309608405232,0.877807087963447
5730,3.0645347655309636,0.4383652382530272
5737,2.06038412384743,0.0071665821596980095
5739,-0.02463485423248124,0.4987094718962908
5753,1.3095178332051178,0.10236100479960442
5754,0.045339599353844795,0.3515376700088382
5755,2.6075648016073676,0.10766031709499657
5762,-0.552184198981615,0.9737668510060757
5763,1.0348030675800488,0.525094386190176
5781,-0.011664640330768306,0.24815286532975733
5784,1.3433392633185768,0.26646885741502047
5812,2.426053699722302,0.5934854482766241
5819,1.6102202056068702,0.9512638698797673
5832,0.6156287661525399,0.09202533215284348
5844,-0.7882137526066308,0.757863859878853
5845,1.4187413372092539,0.06495451321825385
5855,0.7005626524967044,0.8768085127230734
5874,1.3766388867358528,0.5033226271625608
5885,0.8149604715663022,0.8965346722397953
5912,1.0349051473545463,0.14178934460505843
5931,2.3780687407747374,0.014995396137237549
5941,3.134531393805483,0.3196977193001658
5944,1.112106367730821,0.7400988878216594
5953,-0.17766563385345902,0.018293475965037942
5961,1.3295006689327404,0.29188121552579105
5964,1.39987785336773,0.2986011009197682
5967,0.8385534105312105,0.692351660458371
5983,0.42620405627528535,0.8969350294210017
5985,2.10426686599474,0.880815994227305
6015,2.810421860850265,0.07554652472026646
6017,0.4454124870575321,0.5428936455864459
6018,1.9927458730898735,0.35894032777287066
6021,1.9819689002045193,0.9959485097788274
6028,1.0586470929004412,0.019362519960850477
6030,1.7589037544021915,0.04386238916777074
6031,-0.32038321860016117,0.8376618516631424
6032,2.489946198423464,0.9916303274221718
6033,2.233105895315352,0.7543194191530347
6038,1.3299712030443742,0.326600227272138
6041,0.022856046536622654,0.5371250209864229
6048,0.7940001394360787,0.7001163573004305
6053,1.3896007016526348,0.200837368844077
6054,2.1631721456807647,0.7029830527026206
6059,0.7155971133525654,0.9867045234423131
6074,2.255460351614044,0.11353511968627572
6077,1.3778118152583345,0.20677931373938918
6084,1.023609290722191,0.17203281354159117
6095,0.5226034472765473,0.5428999785799533
6102,-0.5910995640858128,0.7364491440821439
6113,1.5473099925617106,1.8948991782963276e-4
6127,1.112902364381174,0.4969058071728796
6142,1.0157113770895287,0.8238204789813608
6168,2.64840933581017,0.4453443961683661
6190,1.4454548933038724,0.5422934789676219
6196,-0.11435770021482172,0.16265443060547113
6198,1.4826935417276652,0.4231991237029433
6207,-0.482651361384528,0.5538718090392649
6224,1.0834185399911702,0.5014286679215729
6234,1.5486318577945224,0.9533801993820816
6241,1.2503441248541463,0.6266768928617239
6242,-1.2252828939406113,0.7510958104394376
6246,0.6252755276084135,0.13001450709998608
6267,-0.4899986363300799,0.683135540690273
6268,1.880423312304518,0.026315933326259255
6270,1.6989367980338832,0.7217036702204496
6281,0.28160018544869536,0.10813522571697831
6302,0.9759527995205053,0.08409709320403636
6308,0.9175905751242083,0.8476831228472292
6313,0.9152889874197516,0.8180879149585962
6323,2.0522405244801516,0.49320989777334034
6325,1.6802999484260857,0.6772013972513378
6328,-0.217511590313201,0.5446336325258017
6330,1.645840950536809,0.7718092219438404
6339,-0.19731018559185287,0.407631354406476
6342,0.7783094099988223,0.6976971689146012
6356,1.5071803795313787,0.7256880858913064
6376,1.6258297849657684,0.33526858873665333
6378,1.6056330791809366,0.6657292153686285
6387,1.1482211953355277,0.6124797298107296
6398,0.368133295087418,0.7873497104737908
6410,1.6565903442138445,0.3798372729215771
6425,1.6942309224025984,0.6147769363597035
6430,1.669633716368689,0.30842274730093777
6443,1.3561874607089777,0.009345008293166757
6448,0.8188248894104466,0.41038525896146894
6449,2.6786039926673664,0.5467045262921602
6451,2.1908182104209675,0.737031658180058
6455,0.09039809506125107,0.9911356044467539
6468,1.166320998660056,0.5097496199887246
6497,0.2509924861483436,0.9746288286987692
6499,-0.08758556076370905,0.12395704095251858
6500,-0.01660272772387006,0.8038631316740066
6506,2.482187837303999,0.05488621233962476
6520,-0.9425137884672361,0.4937722999602556
6524,0.7129180134403962,0.6987520351540297
6528,1.215685183955086,0.505958670983091
6531,1.769786750961883,0.019750642823055387
6533,-0.820902412373878,0.4440218969248235
6545,-0.21997792763167623,0.33374353661201894
6546,0.5832833820921779,0.8341924045234919
6547,1.1345367945622502,0.37902521016076207
6548,0.5736863857544807,0.20350521570071578
6559,1.4145113167383307,0.07499279174953699
6570,0.38337122507481014,0.6867968335282058
6582,1.880908324025306,0.4995974248740822
6588,2.0913133455304083,0.34027135628275573
6591,1.4886995553213374,0.8922675650101155
6594,1.6678952602661241,0.004544417606666684
6599,1.9540265432412207,0.2681939422618598
6600,0.26034738519945055,0.7758618218358606
6603,0.4318737811993141,0.7429029946215451
6607,-0.08254062207110824,0.7773222522810102
6624,-0.1223758086736273,0.19898733729496598
6627,1.050019611638006,0.21207414125092328
6632,1.9547084304981608,0.3236386370845139
6639,0.5653123210919129,0.23030587751418352
6642,-0.17315135959210393,0.4527883797418326
6643,0.9220440795093474,0.4850373505614698
6657,0.2840393325435151,0.2621040167286992
6661,0.17530915528397117,0.6907042900566012
6663,0.3488226013011896,0.6446078848093748
6670,1.3881339504936518,0.8426782456226647
6685,1.3506461987662342,0.20521502010524273
6688,3.950317075321615,0.8050945475697517
6702,0.44025167908226537,0.8095837985165417
6707,1.055964744164781,0.6349520606454462
6708,0.96337830225419685,0.02608216693624854
6722,2.1571165919112745,0.5461908329743892
6726,0.36772007417182617,0.9138844723347574
6727,0.0714173026529955,0.23425807058811188
6737,-1.560703650933919,0.9605951039120555
6744,0.5121790081763333,0.6585746963974088
6750,1.2394624348661463,0.8123207432217896
6755,0.9400402046755761,0.03743092203512788
6761,0.679672056291972,0.31125317444093525
6763,1.167735713432366,0.5541747147217393
6771,2.2515692574184714,0.41236443258821964
6773,1.8232219219009154,0.4263675329275429
6780,1.1438892422897993,0.8990641878917813
6781,0.8640555751086098,0.2765441881492734
6792,1.5064339817363863,0.2739630325231701
6793,1.6329872657317004,0.11850110022351146
6806,0.08182604806318028,0.3657353927846998
6820,1.4536082349151587,0.3288121714722365
6867,1.5500025802971624,0.8276925436221063
6902,0.4909470688996449,0.5056923916563392
6903,1.61373298676043,0.5564177860505879
6906,-0.19889222986787525,0.46158786374144256
6912,0.9271526210301086,0.7933833643328398
6927,-0.5802311047689399,0.21215679263696074
6929,-0.23575286328590161,0.7582640231121331
6938,-0.631711879072878,0.7114769173786044
6942,2.5781189167527168,0.33945039473474026
6959,1.1089849819287385,0.7066466559190303
6961,3.1197803082510656,0.5853598387911916
6967,0.9233852503733477,0.9204820371232927
6969,0.4621194496714386,0.45149744488298893
6972,-0.29609606702783164,0.8461215260904282
6983,2.35826592042842,0.4215489325579256
6984,1.0050853842039318,0.6507496444974095
6991,2.07907951672206,0.2931632795371115
7010,1.6062647373294352,0.009243636159226298
7017,0.8859395578532577,0.5110484296455979
7018,-0.6392582253319283,0.17481883661821485
7029,0.9781200530539161,0.7135149021632969
7040,0.5767466572705815,0.36068354872986674
7041,0.8557002427665789,0.3748455459717661
7044,2.1338747122927098,0.9199586177710444
7063,0.4191445538623062,0.2957810931839049
7076,1.435570563642935,0.15353976120240986
7079,0.3466844737709244,0.4918753579258919
7089,0.3599535378391341,0.24470905819907784
7092,4.531312997549451,0.25065282243303955
7103,2.109068261195648,0.08974961191415787
7130,1.3586379867935148,0.07092087715864182
7136,-1.0933827208248772,0.8704526158981025
7147,0.5968058827716463,0.6275516317691654
7152,1.4303061026697856,0.9878379805013537
7187,1.5991537659474049,0.7922155107371509
7217,0.25762716101491434,0.8951681735925376
7261,2.1763239825506258,0.29404456610791385
7274,0.8570621870038444,0.2521957508288324
7275,0.7132415182175804,0.5955646270886064
7281,-0.5883055039962275,0.7627034529577941
7303,2.9755384464110692,0.757616825401783
7304,0.36060570089334143,0.8208606683183461
7307,1.3147257427010928,0.2178079739678651
7314,1.944129926681331,0.5473998540546745
7321,1.7308482896247723,0.7333135879598558
7324,1.277585456376451,0.954372268402949
7338,-0.11872060147979391,0.46093394444324076
7342,0.1445917362860366,0.868840177776292
7355,3.6245388512960437,0.48456987272948027
7359,2.377550834553162,0.3655410676728934
7369,1.9702065712204986,0.4124664580449462
7375,0.9066144704491405,0.1874985748436302
7376,0.5635283577196475,0.7508235070854425
7383,-1.754131304837102,0.9857555476482958
7390,0.1780601519582723,0.6245219588745385
7398,0.8497624130423509,0.6928983614780009
7413,2.430440278670763,0.486835554940626
7427,0.7126262943257458,0.9920735051855445
7467,2.2404027224387724,0.5343663843814284
7490,1.8777345906359733,0.04936790303327143
7495,0.6857820818867526,0.5603224926162511
7499,1.1064017489431466,0.24695555097423494
7505,-0.5091801200513775,0.6288543175905943
7508,1.5492689305777807,0.3877263427712023
7515,2.484752885168174,0.928315739845857
7519,1.5129803581895318,0.47361593088135123
7520,-1.5443330283651253,0.08229481475427747
7540,2.8001701049610794,0.05065494985319674
7565,-0.3649854952812406,0.10365987499244511
7583,0.4884518663876475,0.7919508803170174
7585,1.620822295445414,0.9337873526383191
7588,1.9487625330502643,0.7636585531290621
7618,1.6569635828120846,0.06265505775809288
7631,1.8311114473693029,0.8429401060566306
7674,1.9139978429896336,0.8979389911983162
7676,2.6416100185273663,0.5229500737041235
7680,0.06912544167237211,0.05644186120480299
7688,2.3417399098488394,0.9766507416497916
7694,1.5532333009738937,0.531348699470982
7698,2.1639568452392726,0.1776237883605063
7711,1.9957917771046878,0.6075542313046753
7717,1.8631502384283616,0.29999328521080315
7721,-1.2166787047590986,0.9230137837585062
7742,0.14612276981323646,0.8017749572172761
7748,0.5630774006693752,0.8578120346646756
7769,1.3637429801576144,0.7673869121354073
7783,1.8860640527919164,0.5654604202136397
7785,2.5855609087526084,0.6789631636347622
7790,2.2582446110235157,0.6064459253102541
7811,0.6578969750096366,0.5956859833095223
7812,0.8224359758091284,0.07847033021971583
7813,-0.10040885298569413,0.8459777077659965
7820,0.8484415274103222,0.4734301941934973
7851,1.4305768813500093,0.978388240095228
7859,1.0332282156230783,0.9879547627642751
7878,0.6745158344012525,0.8068157699890435
7881,2.09577931896842,0.6040832742583007
7886,-0.21571167819172476,0.38131237076595426
7895,1.4505378903566994,0.284714100882411
7904,2.7012637410309357,0.7499436263460666
7944,1.6049011539736133,0.5927640025038272
7945,1.1610980987395438,0.6771034230478108
7956,-0.020107633667579616,0.20458904234692454
7975,-0.5777485459790732,0.25977783324196935
8003,0.9333363139039373,0.7179102613590658
8007,0.5204714062643923,0.05042374413460493
8044,0.44199152931477714,0.19555561896413565
8051,-0.612826089446439,0.36037351726554334
8054,1.5467492486341832,0.27508317516185343
8061,1.7758737819760766,0.6420600188430399
8079,1.700121117281747,0.5689479080028832
8085,2.4979742990448237,0.40588771435432136
8100,-0.03487231543780833,0.34366460726596415
8104,-0.0012307805351454704,0.5039738891646266
8107,1.4941681294053404,0.23296991572715342
8116,0.3141027225593447,0.8898367560468614
8137,-0.05333539202794757,0.6728726027067751
8142,0.09499184193783383,0.3871461732778698
8161,1.466531370621361,0.14409528812393546
8175,1.8954706055301016,0.1607203248422593
8177,2.3006528915370232,0.470284269656986
8181,2.063358067785154,0.13286053389310837
8185,-1.1587257073417412,0.3197967854794115
8200,0.10426376826048955,0.5169970791321248
8211,0.5654753851065036,0.9987423606216908
8223,0.2432002997353323,0.8457591768819839
8224,1.728071037818837,0.7125994570087641
8251,2.1927523185879307,0.21958275325596333
8266,0.7488307926532671,0.3474891968071461
8271,1.5163768326779241,0.4519232236780226
8273,0.6371567942931949,0.13088290207087994
8283,0.8675019968918476,0.4181765753310174
8289,1.2857031660868283,0.45643922104500234
8300,3.737174825499241,0.5123073025606573
8303,0.3117786118751872,0.6084496299736202
8305,0.9327647192964226,0.2391077596694231
8308,1.7388149727521633,0.9100607871077955
8310,2.0640112365523673,0.3384975492954254
8312,1.2458010984775285,0.939297677250579
8317,1.2109263874816927,0.7038194579072297
8327,0.5022398693799801,0.23530159890651703
8354,0.14713929882846588,0.5310967138502747
8356,0.842661245328612,0.7474474417977035
8379,1.583443466648649,0.4010930291842669
8395,1.1512601918217398,0.11705209477804601
8401,0.06304932136726793,0.09535643551498652
8403,0.6728832232814659,0.4958555386401713
8410,0.04679197231848242,0.727878330508247
8417,0.5624420570823754,0.6887612601276487
8418,0.8199582036135947,0.21370463026687503
8424,-0.6963253652253456,0.43605078267864883
8431,1.4079131047463282,0.326531840255484
8438,-0.054248887188061756,0.6725705449935049
8442,2.2186599389962076,0.6583210118114948
8452,1.2065671687068718,0.28141209576278925
8477,2.0999128952669412,0.057038925820961595
8500,0.0012467133884421777,0.9341159597970545
8505,1.20347830126236,0.6339574651792645
8512,1.6907217903471947,0.7288990644738078
8537,1.7522056588960386,0.3721082494594157
8547,1.3378658429300825,0.9895136677660048
8555,0.22700714454341342,0.7731070481240749
8559,0.4229323226283753,0.4417554538231343
8563,1.8738600823404523,0.720669379690662
8565,1.6379084736836365,0.761392472544685
8570,-0.4269509066203796,0.1611537467688322
8583,0.5299531149656336,0.7205096804536879
8601,1.807986278428522,0.22718369122594595
8605,-1.8273300422105168,0.18154220352880657
8613,2.900569603929168,0.2547180471010506
8618,-0.5155082796696133,0.020952951163053513
8631,1.1274886768718835,0.4205743868369609
8642,0.6962889343826495,0.7182364233303815
8665,3.095954459523186,0.32802136382088065
8672,-0.024059009926253427,0.08558234223164618
8673,0.9460342314764103,0.0252627229783684
8682,2.123375761885347,0.3403954745735973
8692,1.2568602755568974,0.33886586781591177
8693,1.5104421621105666,0.014359713299199939
8700,1.5949988928928913,0.05860541434958577
8703,1.2166109021119835,0.2614789369981736
8712,0.406179644790022,0.32298422628082335
8723,0.2307990807124436,0.37387735885567963
8741,2.233230989343494,0.4676496565807611
8757,2.7706262040757963,0.7565762023441494
8775,-1.5370163565720452,0.7315533577930182
8777,0.7332689019007723,0.9065120695158839
8786,0.8134862430792743,0.7697071046568453
8787,1.8817305737136318,0.9940630865748972
8803,1.5511307917455297,0.2637287639081478
8814,0.8954395648604186,0.5663425193633884
8816,1.4690461578920193,0.07644526707008481
8825,1.6454901339422434,0.9233977200929075
8836,1.133159915611527,0.23954315390437841
8856,1.5024265411733895,0.17652941728010774
8860,2.1178060042676234,0.6585405396763235
8865,1.4165376119573836,0.9654586869291961
8873,1.3014167223036015,0.2773689206223935
8874,0.9835088643537587,0.7055215539876372
8888,2.0273639191765023,0.897128383629024
8903,0.6328982287147542,0.26205479889176786
8921,-0.5678828685534847,0.7182719204574823
8930,0.7434497960090808,0.7473711296916008
8939,-1.073073214075292,0.6779339178465307
8942,1.1663315352517882,0.7365312920883298
8943,2.7855447823921486,0.8587429288309067
8947,1.2022127610025188,0.7810616428032517
8955,-1.232093666041921,0.9302659209351987
8959,1.866806967882868,0.8870342895388603
8967,0.9565077842740262,0.2417196687310934
8974,0.4583749129517891,0.9721993440762162
8975,1.4150544053608243,0.986401281086728
9007,1.8560098410383299,0.45174649846740067
9022,0.0763768615323751,0.8481878030579537
9023,0.9542224547500541,0.24221594585105777
9028,-0.0441768985914861,0.2910400307737291
9056,0.3593365691828162,0.08953376370482147
9103,-0.4087903110048672,0.7487759445793927
9112,1.7626430456031605,0.5052838451229036
9117,-0.4365092682365208,0.7289618249051273
9121,0.06816749120293186,0.8960772582795471
9123,1.9463006799143652,0.17337579815648496
9130,0.8467603553007541,0.36771741369739175
9156,0.19048109384501077,0.7825103073846549
9158,-0.4951310164656706,0.2660206800792366
9160,-2.0686596507840815,0.7969352826476097
9224,1.65206317039022,0.7853260322008282
9234,2.313890721632055,0.5697076024953276
9237,0.4395967079826103,0.9723415137268603
9238,0.8851907381672095,0.7552032887469977
9241,-0.1626062395495993,0.17875131056644022
9267,-0.6350825813413563,0.867186889750883
9282,2.9747953579372917,0.25068769813515246
9287,0.6335219939404699,0.9869618921075016
9295,0.25109631509568897,0.04379051853902638
9304,1.4822249358484074,0.0593167208135128
9307,0.5503190554111422,0.8091153162531555
9308,0.2868327953876767,0.7493734767194837
9309,1.617853806282037,0.12819182057864964
9314,1.7166625264103441,0.42442431044764817
9322,-0.37356763089934164,0.369717770954594
9328,0.36850005017132703,0.3597674129996449
9348,1.8412487393782924,0.8689966925885528
9355,2.999067598955277,0.13834013370797038
9360,-0.7566343286130321,0.5380413737148046
9361,0.7446034732752682,0.9639236554503441
9368,-0.12561947425216768,0.9567282053176314
9388,0.7065027660473762,0.7305206956807524
9393,0.012867916614324848,0.6748885570559651
9397,1.2499813694618789,0.8070453826803714
9400,0.4844065918784761,0.39164764899760485
9408,2.1992436609743757,0.46422313642688096
9409,2.4467674141444347,0.35272384667769074
9410,-0.5200340928674525,0.9578702221624553
9444,1.9636737718723443,0.37974831531755626
9454,-0.19948890512842188,0.724071154370904
9458,1.5095294610623724,0.4324579485692084
9460,-0.23060600208317727,0.10741803306154907
9474,1.896750194221883,0.35454538743942976
9475,0.569154363033485,0.5168382520787418
9477,0.7390707675455211,0.6203870922327042
9488,2.3731404341756384,0.7474984133150429
9495,0.7046272207650934,0.9935824715066701
9505,0.9462273814941186,0.09692504815757275
9529,1.5277725720440731,0.45057779736816883
9580,1.7085178995960206,0.3046305247116834
9583,-0.23528288882812598,0.17397509701550007
9589,2.1761369638045807,0.9526437842287123
9595,1.9120586916171143,0.8750229105353355
9600,0.004953580412932146,0.2942114667966962
9601,2.125669705764519,0.729794898070395
9607,2.24435833847793,0.06608425732702017
9629,0.865706226216516,0.2947145118378103
9630,2.6305824808701654,0.3138974579051137
9640,3.0679543343520024,0.04272191063500941
9650,0.6741802623333634,0.6103131235577166
9664,0.6297390791197514,0.3598920493386686
9673,1.3706430326829915,0.7974218672607094
9681,0.4444004880103477,0.04257302242331207
9685,0.763888992469508,0.43066535657271743
9693,2.687362016412183,0.36497418745420873
9696,2.833217511320318,0.5054692435078323
9703,0.3157624228553716,0.09458471345715225
9704,-1.4620159526839847,0.44119473407045007
9708,-0.5882058373521062,0.0640538667794317
9715,0.9270141143000863,0.9131514364853501
9735,2.2306639377458417,0.5779209935571998
9741,2.3078861262980954,0.4984005612786859
9753,1.1913384485066907,0.6111916485242546
9757,0.508314608254437,0.15397245902568102
9777,3.617548539050262,0.7047134258318692
9782,1.4829333536142917,0.4510166223626584
9788,1.1346731903347835,0.6123489965684712
9794,2.3283241336482874,0.8048668634146452
9797,1.1545808571984544,0.09457063511945307
9804,2.1915986592411296,0.09127814089879394
9812,2.0237451932762562,0.6297772682737559
9817,-1.1280131475157273,0.8192937923595309
9835,0.5485511191861616,0.02804200630635023
9853,1.7556420449403958,0.17593367560766637
9854,3.0202660829831793,0.9710539383813739
9859,1.240928567684436,0.4350538121070713
9865,1.6270799948503094,0.29265597043558955
9866,0.8400288763511978,0.17543929885141551
9904,0.43895020103112914,0.6088377481792122
9924,2.7975205004808816,0.21326951636001468
9938,0.5765604825182118,0.18413544772192836
9940,0.2470990684368104,0.03521627536974847
9951,0.17924909540311007,0.9266107745934278
9961,1.3534576123169457,0.11522862454876304
9965,1.6719384455006479,0.6360602255444974
9972,1.0078757136217071,0.41391132213175297
9983,1.4798704052445553,0.9266696770209819
9992,1.5262827937584245,0.8370042219758034
